job_title,skills,experience,salary,location,company,job_type,rating,remote
Backend Developer,"python,django,api",1,93667,Bangalore,TCS,Full-time,3.9,No
Data Engineer,"python,spark,sql",2,87585,Remote,Google,Part-time,3.8,No
Web Developer,"html,css,js",4,99554,Bangalore,Infosys,Full-time,4.8,No
ML Engineer,"python,ml,dl",2,63090,Remote,Microsoft,Part-time,3.9,No
Web Developer,"html,css,js",1,109953,Pune,Infosys,Part-time,3.4,Yes
Business Analyst,"excel,sql,powerbi",1,55502,Remote,Microsoft,Part-time,3.4,No
Data Engineer,"python,spark,sql",4,85330,Pune,TCS,Part-time,3.0,Yes
Data Scientist,"python,ml,statistics",1,57610,Pune,TCS,Part-time,4.5,No
ML Engineer,"python,ml,dl",4,103202,Remote,StartupX,Full-time,3.2,Yes
Backend Developer,"python,django,api",3,53577,Remote,Microsoft,Full-time,5.0,Yes
Data Analyst,"python,sql,excel",1,43350,Bangalore,Microsoft,Full-time,4.0,Yes
Software Engineer,"java,python,oop",4,37889,Bangalore,Infosys,Part-time,3.3,Yes
Data Analyst,"python,sql,excel",4,105092,Remote,Infosys,Full-time,3.7,Yes
AI Engineer,"python,ml,dl,nlp",1,105416,Delhi,Infosys,Full-time,4.3,Yes
AI Engineer,"python,ml,dl,nlp",1,44565,Remote,Google,Part-time,4.3,Yes
Backend Developer,"python,django,api",3,79847,Pune,Google,Part-time,3.2,Yes
Backend Developer,"python,django,api",1,107739,Mumbai,Google,Part-time,3.3,Yes
AI Engineer,"python,ml,dl,nlp",1,85109,Remote,Infosys,Part-time,4.4,No
ML Engineer,"python,ml,dl",2,77626,Bangalore,StartupX,Full-time,4.7,Yes
AI Engineer,"python,ml,dl,nlp",2,68556,Delhi,TCS,Full-time,3.0,Yes
Software Engineer,"java,python,oop",2,45799,Delhi,TCS,Part-time,3.8,Yes
AI Engineer,"python,ml,dl,nlp",2,38319,Pune,StartupX,Full-time,4.0,No
Software Engineer,"java,python,oop",3,54579,Pune,Infosys,Full-time,3.0,Yes
Business Analyst,"excel,sql,powerbi",1,83080,Bangalore,Google,Full-time,4.6,Yes
ML Engineer,"python,ml,dl",3,102869,Pune,StartupX,Part-time,4.7,No
Business Analyst,"excel,sql,powerbi",3,97032,Mumbai,StartupX,Part-time,3.3,Yes
Software Engineer,"java,python,oop",4,95416,Pune,Microsoft,Part-time,4.1,No
Data Engineer,"python,spark,sql",4,103520,Pune,StartupX,Full-time,3.8,Yes
Web Developer,"html,css,js",4,43931,Bangalore,StartupX,Full-time,3.9,Yes
Data Scientist,"python,ml,statistics",2,93088,Mumbai,StartupX,Part-time,4.8,Yes
Web Developer,"html,css,js",3,81496,Remote,Google,Full-time,3.9,No
Web Developer,"html,css,js",4,115615,Delhi,Google,Full-time,3.6,Yes
Business Analyst,"excel,sql,powerbi",1,48761,Remote,Google,Full-time,3.6,No
Data Scientist,"python,ml,statistics",1,39476,Pune,TCS,Full-time,4.6,Yes
Data Engineer,"python,spark,sql",4,76964,Pune,Microsoft,Full-time,4.4,Yes
Software Engineer,"java,python,oop",4,56006,Remote,Microsoft,Part-time,4.2,Yes
Data Scientist,"python,ml,statistics",1,104140,Remote,TCS,Full-time,4.2,No
Data Scientist,"python,ml,statistics",2,52807,Delhi,Google,Part-time,4.0,No
AI Engineer,"python,ml,dl,nlp",1,47388,Delhi,Infosys,Full-time,3.4,Yes
Data Engineer,"python,spark,sql",4,78422,Remote,Microsoft,Part-time,4.5,Yes
AI Engineer,"python,ml,dl,nlp",1,48774,Remote,Google,Part-time,3.5,Yes
AI Engineer,"python,ml,dl,nlp",2,42752,Mumbai,Google,Part-time,3.8,Yes
Business Analyst,"excel,sql,powerbi",2,38095,Pune,Microsoft,Part-time,3.3,Yes
AI Engineer,"python,ml,dl,nlp",2,43604,Remote,Microsoft,Full-time,3.2,Yes
ML Engineer,"python,ml,dl",1,93184,Mumbai,Infosys,Part-time,3.4,Yes
Backend Developer,"python,django,api",1,48962,Delhi,Google,Part-time,4.8,No
AI Engineer,"python,ml,dl,nlp",4,88157,Delhi,StartupX,Part-time,4.1,Yes
Business Analyst,"excel,sql,powerbi",3,75985,Delhi,Infosys,Part-time,3.9,No
Business Analyst,"excel,sql,powerbi",3,115889,Delhi,Microsoft,Full-time,4.3,Yes
Software Engineer,"java,python,oop",1,101030,Delhi,Infosys,Full-time,3.2,Yes
Data Engineer,"python,spark,sql",3,50862,Mumbai,Infosys,Part-time,3.7,Yes
ML Engineer,"python,ml,dl",3,54842,Remote,TCS,Full-time,3.9,Yes
Data Engineer,"python,spark,sql",4,109978,Delhi,Google,Full-time,4.8,Yes
Backend Developer,"python,django,api",4,100136,Bangalore,Google,Part-time,3.6,Yes
Data Scientist,"python,ml,statistics",2,82898,Delhi,Google,Full-time,4.3,No
Business Analyst,"excel,sql,powerbi",1,46402,Mumbai,Google,Full-time,3.9,Yes
Software Engineer,"java,python,oop",4,33822,Mumbai,Infosys,Part-time,3.6,No
Web Developer,"html,css,js",4,79242,Pune,Infosys,Full-time,4.3,Yes
Web Developer,"html,css,js",4,90963,Pune,TCS,Full-time,3.5,No
Business Analyst,"excel,sql,powerbi",4,39734,Bangalore,Google,Full-time,4.8,Yes
Backend Developer,"python,django,api",3,74126,Delhi,Infosys,Part-time,4.0,Yes
Software Engineer,"java,python,oop",1,30172,Delhi,StartupX,Part-time,4.5,No
Backend Developer,"python,django,api",4,65738,Pune,Google,Part-time,4.8,No
Backend Developer,"python,django,api",2,114037,Mumbai,Microsoft,Part-time,4.7,Yes
AI Engineer,"python,ml,dl,nlp",4,96439,Pune,Google,Full-time,3.5,No
Backend Developer,"python,django,api",3,62990,Bangalore,Google,Full-time,4.6,Yes
Software Engineer,"java,python,oop",3,104549,Pune,StartupX,Full-time,4.4,Yes
Data Engineer,"python,spark,sql",2,43007,Remote,StartupX,Part-time,3.9,No
Data Analyst,"python,sql,excel",3,51895,Mumbai,Infosys,Part-time,3.3,No
Software Engineer,"java,python,oop",4,66949,Remote,Google,Part-time,3.9,No
Web Developer,"html,css,js",4,95395,Mumbai,Microsoft,Part-time,4.0,No
Backend Developer,"python,django,api",4,85394,Bangalore,Google,Part-time,4.8,No
Data Scientist,"python,ml,statistics",1,79227,Delhi,Google,Part-time,3.3,Yes
Data Engineer,"python,spark,sql",3,51694,Bangalore,StartupX,Full-time,4.8,Yes
Data Scientist,"python,ml,statistics",4,101714,Delhi,StartupX,Part-time,4.3,Yes
Business Analyst,"excel,sql,powerbi",1,93236,Bangalore,Microsoft,Full-time,3.9,No
Business Analyst,"excel,sql,powerbi",3,65409,Pune,Infosys,Part-time,3.3,No
AI Engineer,"python,ml,dl,nlp",4,46327,Remote,Google,Full-time,4.1,Yes
Software Engineer,"java,python,oop",1,105549,Delhi,Infosys,Part-time,4.9,No
AI Engineer,"python,ml,dl,nlp",4,40514,Bangalore,Google,Full-time,4.7,Yes
Software Engineer,"java,python,oop",3,101954,Pune,StartupX,Full-time,3.7,Yes
AI Engineer,"python,ml,dl,nlp",2,41976,Remote,Microsoft,Part-time,3.6,Yes
Business Analyst,"excel,sql,powerbi",3,72821,Mumbai,TCS,Part-time,4.2,No
Backend Developer,"python,django,api",4,68753,Pune,TCS,Full-time,3.3,No
Business Analyst,"excel,sql,powerbi",2,98844,Remote,Microsoft,Part-time,3.2,Yes
Data Engineer,"python,spark,sql",4,85638,Bangalore,Microsoft,Part-time,3.2,Yes
Data Engineer,"python,spark,sql",4,45467,Delhi,Google,Part-time,3.2,Yes
Data Engineer,"python,spark,sql",4,103864,Remote,Infosys,Full-time,4.5,Yes
Data Analyst,"python,sql,excel",1,79162,Delhi,StartupX,Part-time,4.5,No
Data Engineer,"python,spark,sql",2,63575,Bangalore,TCS,Part-time,3.2,No
Data Analyst,"python,sql,excel",3,85573,Remote,Infosys,Full-time,4.9,Yes
Software Engineer,"java,python,oop",4,49930,Remote,Google,Full-time,4.1,Yes
Data Engineer,"python,spark,sql",4,80385,Bangalore,Google,Full-time,3.8,No
ML Engineer,"python,ml,dl",4,58939,Bangalore,Google,Full-time,4.6,No
Backend Developer,"python,django,api",2,44259,Pune,Google,Part-time,4.8,Yes
Backend Developer,"python,django,api",4,102080,Remote,Google,Full-time,4.6,Yes
Data Engineer,"python,spark,sql",2,49941,Delhi,TCS,Full-time,4.9,No
AI Engineer,"python,ml,dl,nlp",1,103836,Remote,Microsoft,Full-time,3.2,Yes
Data Scientist,"python,ml,statistics",3,106195,Mumbai,Infosys,Full-time,4.0,Yes
Software Engineer,"java,python,oop",3,47845,Delhi,StartupX,Full-time,4.5,Yes
ML Engineer,"python,ml,dl",1,61751,Delhi,Microsoft,Part-time,3.5,Yes
Data Engineer,"python,spark,sql",1,74422,Remote,Microsoft,Part-time,4.3,No
Data Engineer,"python,spark,sql",2,55821,Remote,TCS,Full-time,4.5,No
Data Engineer,"python,spark,sql",4,44130,Mumbai,TCS,Part-time,3.8,Yes
Software Engineer,"java,python,oop",2,97295,Bangalore,Google,Full-time,4.5,No
Data Analyst,"python,sql,excel",1,52657,Remote,StartupX,Full-time,4.0,No
Data Analyst,"python,sql,excel",4,85878,Mumbai,StartupX,Full-time,4.8,No
ML Engineer,"python,ml,dl",2,106517,Remote,Infosys,Part-time,3.3,No
Software Engineer,"java,python,oop",4,67746,Pune,TCS,Full-time,3.3,No
Data Scientist,"python,ml,statistics",3,52729,Pune,Microsoft,Part-time,4.2,Yes
Software Engineer,"java,python,oop",4,64737,Mumbai,Infosys,Full-time,4.4,Yes
Software Engineer,"java,python,oop",2,117251,Mumbai,Google,Full-time,3.6,Yes
AI Engineer,"python,ml,dl,nlp",2,56051,Delhi,Microsoft,Full-time,3.3,Yes
Data Analyst,"python,sql,excel",1,90964,Pune,TCS,Full-time,4.8,No
ML Engineer,"python,ml,dl",2,115698,Pune,Infosys,Part-time,4.8,No
ML Engineer,"python,ml,dl",3,50891,Delhi,TCS,Full-time,4.6,No
Business Analyst,"excel,sql,powerbi",4,105869,Mumbai,StartupX,Part-time,4.8,No
Data Scientist,"python,ml,statistics",3,86923,Mumbai,Microsoft,Part-time,3.1,No
Web Developer,"html,css,js",3,40992,Mumbai,TCS,Full-time,4.5,Yes
Data Scientist,"python,ml,statistics",1,103177,Delhi,StartupX,Part-time,3.8,Yes
Business Analyst,"excel,sql,powerbi",4,111309,Bangalore,TCS,Part-time,3.3,No
ML Engineer,"python,ml,dl",2,51359,Remote,StartupX,Full-time,3.1,No
Data Engineer,"python,spark,sql",3,69483,Pune,Google,Full-time,3.7,Yes
Data Engineer,"python,spark,sql",1,89358,Remote,Microsoft,Full-time,4.4,No
ML Engineer,"python,ml,dl",3,32447,Mumbai,TCS,Part-time,3.9,Yes
Backend Developer,"python,django,api",3,84552,Bangalore,StartupX,Full-time,4.5,No
Data Analyst,"python,sql,excel",2,30621,Delhi,TCS,Part-time,4.7,No
Data Engineer,"python,spark,sql",2,62306,Delhi,TCS,Full-time,3.1,Yes
Business Analyst,"excel,sql,powerbi",1,33453,Delhi,Google,Part-time,4.8,No
AI Engineer,"python,ml,dl,nlp",2,92305,Pune,Infosys,Full-time,4.3,Yes
ML Engineer,"python,ml,dl",2,88722,Mumbai,Microsoft,Part-time,4.1,Yes
AI Engineer,"python,ml,dl,nlp",3,38259,Remote,Microsoft,Part-time,4.7,Yes
Business Analyst,"excel,sql,powerbi",4,61975,Pune,StartupX,Full-time,3.2,No
Data Analyst,"python,sql,excel",3,100762,Mumbai,Infosys,Full-time,3.8,Yes
Data Scientist,"python,ml,statistics",1,95713,Delhi,Google,Full-time,3.4,Yes
AI Engineer,"python,ml,dl,nlp",4,91921,Bangalore,TCS,Full-time,3.4,Yes
Data Analyst,"python,sql,excel",2,76679,Pune,Google,Full-time,3.0,Yes
Software Engineer,"java,python,oop",3,94283,Remote,StartupX,Part-time,3.2,Yes
AI Engineer,"python,ml,dl,nlp",1,81239,Delhi,TCS,Full-time,4.0,No
Data Engineer,"python,spark,sql",1,61504,Mumbai,TCS,Part-time,4.4,Yes
Business Analyst,"excel,sql,powerbi",4,55715,Remote,Infosys,Part-time,3.0,No
Backend Developer,"python,django,api",1,117475,Remote,Infosys,Part-time,4.5,Yes
Business Analyst,"excel,sql,powerbi",3,99215,Mumbai,Google,Full-time,4.6,Yes
Backend Developer,"python,django,api",2,77216,Remote,Infosys,Full-time,4.7,No
Software Engineer,"java,python,oop",2,69711,Pune,TCS,Full-time,3.7,Yes
Web Developer,"html,css,js",4,87467,Pune,StartupX,Part-time,4.9,Yes
ML Engineer,"python,ml,dl",2,102860,Pune,StartupX,Part-time,3.9,Yes
Software Engineer,"java,python,oop",4,71592,Pune,Infosys,Part-time,3.2,Yes
ML Engineer,"python,ml,dl",4,70937,Mumbai,Google,Full-time,3.1,No
Data Scientist,"python,ml,statistics",1,52365,Delhi,Google,Part-time,3.6,Yes
AI Engineer,"python,ml,dl,nlp",2,84414,Bangalore,Google,Full-time,3.5,Yes
Business Analyst,"excel,sql,powerbi",4,46748,Delhi,Google,Full-time,4.4,No
Backend Developer,"python,django,api",1,65424,Delhi,TCS,Full-time,3.4,Yes
Data Analyst,"python,sql,excel",3,86827,Bangalore,StartupX,Full-time,4.2,No
Software Engineer,"java,python,oop",4,85700,Mumbai,Microsoft,Part-time,4.1,No
Business Analyst,"excel,sql,powerbi",4,107229,Bangalore,Infosys,Full-time,4.1,Yes
Web Developer,"html,css,js",3,52980,Bangalore,Microsoft,Part-time,3.2,No
AI Engineer,"python,ml,dl,nlp",2,75071,Mumbai,TCS,Part-time,3.1,No
Data Engineer,"python,spark,sql",2,110766,Delhi,Google,Full-time,4.9,Yes
Data Engineer,"python,spark,sql",1,59227,Pune,Infosys,Full-time,4.0,Yes
Data Engineer,"python,spark,sql",2,106797,Mumbai,Google,Full-time,3.8,Yes
Data Analyst,"python,sql,excel",1,116905,Bangalore,Google,Part-time,4.2,Yes
Data Scientist,"python,ml,statistics",4,37827,Bangalore,TCS,Full-time,3.2,No
AI Engineer,"python,ml,dl,nlp",4,54887,Remote,Microsoft,Full-time,4.8,Yes
Software Engineer,"java,python,oop",4,40712,Bangalore,Microsoft,Part-time,4.9,Yes
Backend Developer,"python,django,api",3,86979,Bangalore,TCS,Full-time,4.0,No
Software Engineer,"java,python,oop",2,71005,Pune,Microsoft,Full-time,5.0,No
Data Analyst,"python,sql,excel",2,33792,Remote,StartupX,Full-time,4.6,Yes
Backend Developer,"python,django,api",2,39117,Pune,Infosys,Full-time,4.7,Yes
ML Engineer,"python,ml,dl",2,31272,Delhi,Google,Part-time,4.6,No
Data Engineer,"python,spark,sql",3,108294,Delhi,Google,Part-time,4.8,No
Web Developer,"html,css,js",4,58173,Pune,TCS,Part-time,4.7,Yes
ML Engineer,"python,ml,dl",3,40397,Pune,Infosys,Part-time,4.4,No
Web Developer,"html,css,js",3,35510,Remote,TCS,Full-time,3.0,Yes
Data Scientist,"python,ml,statistics",1,84170,Bangalore,StartupX,Full-time,4.1,No
Data Scientist,"python,ml,statistics",4,40966,Delhi,Google,Full-time,4.2,Yes
Data Analyst,"python,sql,excel",1,69369,Mumbai,Infosys,Part-time,4.6,No
Backend Developer,"python,django,api",4,112600,Mumbai,Microsoft,Part-time,4.0,Yes
Web Developer,"html,css,js",1,114889,Delhi,Microsoft,Part-time,4.6,Yes
Backend Developer,"python,django,api",2,57581,Delhi,Microsoft,Full-time,3.3,Yes
Software Engineer,"java,python,oop",3,60624,Remote,Microsoft,Part-time,4.5,No
AI Engineer,"python,ml,dl,nlp",4,78331,Mumbai,TCS,Full-time,4.8,Yes
Data Engineer,"python,spark,sql",1,39435,Remote,Microsoft,Part-time,4.3,No
Data Analyst,"python,sql,excel",3,32693,Mumbai,TCS,Full-time,4.9,No
Data Analyst,"python,sql,excel",3,83192,Delhi,Infosys,Part-time,5.0,No
Data Engineer,"python,spark,sql",3,98972,Bangalore,StartupX,Full-time,3.8,Yes
Data Analyst,"python,sql,excel",2,70843,Delhi,Infosys,Part-time,4.2,Yes
Business Analyst,"excel,sql,powerbi",4,71624,Remote,StartupX,Full-time,4.8,Yes
Web Developer,"html,css,js",4,43823,Delhi,Infosys,Part-time,3.1,Yes
Data Engineer,"python,spark,sql",1,105325,Remote,TCS,Full-time,4.0,No
Data Scientist,"python,ml,statistics",4,97981,Mumbai,TCS,Full-time,4.9,Yes
AI Engineer,"python,ml,dl,nlp",3,65864,Mumbai,Microsoft,Full-time,4.9,No
Data Engineer,"python,spark,sql",4,55036,Pune,TCS,Part-time,3.8,No
Business Analyst,"excel,sql,powerbi",2,70446,Mumbai,Infosys,Full-time,3.7,Yes
Web Developer,"html,css,js",2,34435,Mumbai,Google,Part-time,4.4,No
Web Developer,"html,css,js",1,62790,Bangalore,StartupX,Part-time,4.9,Yes
Software Engineer,"java,python,oop",1,87167,Pune,Google,Part-time,4.5,Yes
Software Engineer,"java,python,oop",3,63677,Pune,Infosys,Part-time,3.0,Yes
Data Analyst,"python,sql,excel",2,60068,Delhi,TCS,Part-time,4.1,Yes
Backend Developer,"python,django,api",3,38896,Bangalore,Infosys,Part-time,3.1,No
Business Analyst,"excel,sql,powerbi",2,116604,Bangalore,Google,Part-time,4.2,Yes
Software Engineer,"java,python,oop",3,100167,Delhi,Microsoft,Full-time,3.8,Yes
Web Developer,"html,css,js",1,88746,Delhi,Google,Part-time,3.6,Yes
Business Analyst,"excel,sql,powerbi",1,119988,Remote,StartupX,Part-time,4.0,Yes
AI Engineer,"python,ml,dl,nlp",3,50239,Pune,TCS,Part-time,3.1,Yes
Data Analyst,"python,sql,excel",2,36482,Pune,Google,Part-time,3.1,Yes
Data Analyst,"python,sql,excel",2,107169,Bangalore,Infosys,Full-time,4.7,No
Data Scientist,"python,ml,statistics",4,52074,Delhi,Microsoft,Full-time,4.8,Yes
ML Engineer,"python,ml,dl",3,51106,Mumbai,Microsoft,Part-time,5.0,Yes
AI Engineer,"python,ml,dl,nlp",4,66202,Remote,Microsoft,Full-time,4.1,Yes
ML Engineer,"python,ml,dl",4,32784,Bangalore,Infosys,Full-time,3.3,Yes
Data Scientist,"python,ml,statistics",1,48434,Delhi,Microsoft,Full-time,4.4,Yes
Software Engineer,"java,python,oop",3,98474,Remote,Google,Full-time,4.6,No
Data Analyst,"python,sql,excel",3,47877,Remote,TCS,Part-time,4.3,No
Web Developer,"html,css,js",1,55148,Mumbai,Microsoft,Full-time,4.8,No
ML Engineer,"python,ml,dl",4,100720,Remote,Infosys,Full-time,4.8,Yes
Data Engineer,"python,spark,sql",4,106111,Pune,Microsoft,Part-time,4.8,No
Backend Developer,"python,django,api",2,103736,Mumbai,Infosys,Part-time,4.9,No
Data Engineer,"python,spark,sql",2,114783,Pune,Google,Full-time,3.4,No
Data Engineer,"python,spark,sql",2,45523,Bangalore,Microsoft,Full-time,3.9,Yes
Web Developer,"html,css,js",3,103310,Pune,Microsoft,Part-time,3.1,Yes
Data Scientist,"python,ml,statistics",4,54273,Bangalore,Google,Part-time,3.3,No
ML Engineer,"python,ml,dl",1,38178,Remote,Infosys,Full-time,4.8,Yes
AI Engineer,"python,ml,dl,nlp",1,95544,Delhi,Google,Part-time,3.7,Yes
Web Developer,"html,css,js",1,51043,Delhi,Google,Part-time,3.2,No
Software Engineer,"java,python,oop",4,114888,Remote,Infosys,Part-time,3.7,Yes
Backend Developer,"python,django,api",3,56114,Mumbai,Microsoft,Full-time,3.6,No
Web Developer,"html,css,js",3,68764,Delhi,Microsoft,Part-time,4.5,Yes
Web Developer,"html,css,js",1,113707,Remote,Infosys,Part-time,3.2,No
Backend Developer,"python,django,api",2,36046,Bangalore,StartupX,Part-time,3.1,Yes
Data Engineer,"python,spark,sql",2,100255,Delhi,Infosys,Part-time,4.1,Yes
Business Analyst,"excel,sql,powerbi",3,67493,Bangalore,TCS,Full-time,4.0,Yes
Backend Developer,"python,django,api",4,64389,Remote,Infosys,Part-time,3.0,Yes
Software Engineer,"java,python,oop",4,37181,Bangalore,Microsoft,Full-time,4.6,Yes
Software Engineer,"java,python,oop",4,70769,Bangalore,Microsoft,Full-time,3.3,Yes
Data Scientist,"python,ml,statistics",2,69694,Mumbai,TCS,Part-time,4.1,No
Data Analyst,"python,sql,excel",2,31675,Delhi,StartupX,Part-time,4.1,No
Data Analyst,"python,sql,excel",3,65862,Bangalore,TCS,Part-time,4.0,Yes
Backend Developer,"python,django,api",1,33308,Remote,Infosys,Part-time,3.0,No
Data Scientist,"python,ml,statistics",4,85608,Delhi,Microsoft,Full-time,3.8,No
Web Developer,"html,css,js",2,91556,Bangalore,TCS,Full-time,4.9,Yes
AI Engineer,"python,ml,dl,nlp",3,94158,Mumbai,Microsoft,Part-time,3.5,No
Software Engineer,"java,python,oop",4,109674,Delhi,Google,Full-time,4.8,Yes
Data Engineer,"python,spark,sql",4,118115,Pune,StartupX,Part-time,3.5,No
Data Analyst,"python,sql,excel",3,74776,Delhi,Microsoft,Full-time,4.1,Yes
Data Scientist,"python,ml,statistics",2,70247,Remote,StartupX,Full-time,4.5,Yes
Data Analyst,"python,sql,excel",3,110307,Mumbai,Infosys,Part-time,5.0,Yes
Software Engineer,"java,python,oop",2,103883,Pune,Infosys,Part-time,4.1,Yes
ML Engineer,"python,ml,dl",2,49806,Bangalore,TCS,Full-time,3.4,Yes
ML Engineer,"python,ml,dl",3,34341,Mumbai,Microsoft,Part-time,4.2,Yes
Data Scientist,"python,ml,statistics",4,102339,Delhi,Infosys,Part-time,3.0,Yes
Web Developer,"html,css,js",3,112014,Mumbai,Infosys,Full-time,4.1,Yes
Data Analyst,"python,sql,excel",4,54873,Pune,Google,Full-time,3.6,No
Data Scientist,"python,ml,statistics",4,49853,Bangalore,Google,Part-time,3.8,No
Business Analyst,"excel,sql,powerbi",2,109897,Mumbai,Microsoft,Part-time,4.8,Yes
ML Engineer,"python,ml,dl",3,77283,Bangalore,StartupX,Part-time,3.3,Yes
Business Analyst,"excel,sql,powerbi",4,74107,Remote,TCS,Full-time,3.4,No
AI Engineer,"python,ml,dl,nlp",1,91413,Bangalore,Infosys,Full-time,3.4,Yes
Software Engineer,"java,python,oop",1,45682,Remote,Infosys,Full-time,4.9,Yes
Backend Developer,"python,django,api",4,84726,Bangalore,Google,Full-time,3.8,No
ML Engineer,"python,ml,dl",1,51726,Delhi,Infosys,Full-time,3.9,No
ML Engineer,"python,ml,dl",4,71090,Bangalore,StartupX,Full-time,4.5,Yes
Web Developer,"html,css,js",1,88595,Mumbai,StartupX,Part-time,3.1,No
Data Analyst,"python,sql,excel",3,93547,Delhi,StartupX,Part-time,5.0,Yes
Backend Developer,"python,django,api",3,94637,Pune,Microsoft,Full-time,3.8,Yes
ML Engineer,"python,ml,dl",2,109643,Delhi,Google,Part-time,3.5,No
AI Engineer,"python,ml,dl,nlp",1,108952,Bangalore,Infosys,Full-time,3.5,No
Data Analyst,"python,sql,excel",1,97123,Delhi,Microsoft,Part-time,3.5,No
Business Analyst,"excel,sql,powerbi",2,115743,Delhi,StartupX,Part-time,3.3,No
AI Engineer,"python,ml,dl,nlp",2,68806,Remote,Infosys,Full-time,4.7,No
Data Analyst,"python,sql,excel",1,79830,Pune,StartupX,Full-time,3.2,No
Business Analyst,"excel,sql,powerbi",1,112308,Remote,Infosys,Full-time,4.6,No
Data Scientist,"python,ml,statistics",2,47069,Delhi,Microsoft,Full-time,3.7,Yes
Backend Developer,"python,django,api",2,58734,Mumbai,Google,Part-time,3.1,Yes
Web Developer,"html,css,js",1,54755,Remote,TCS,Full-time,5.0,Yes
Data Analyst,"python,sql,excel",1,100207,Delhi,Google,Full-time,3.6,No
Backend Developer,"python,django,api",2,75820,Mumbai,Infosys,Part-time,3.5,No
AI Engineer,"python,ml,dl,nlp",2,68733,Remote,Infosys,Part-time,4.8,Yes
Web Developer,"html,css,js",4,68295,Pune,Infosys,Full-time,4.4,Yes
Backend Developer,"python,django,api",2,89523,Pune,TCS,Full-time,3.4,Yes
Web Developer,"html,css,js",1,88982,Delhi,StartupX,Part-time,4.9,Yes
AI Engineer,"python,ml,dl,nlp",2,96461,Remote,Google,Part-time,4.2,No
Data Analyst,"python,sql,excel",4,40529,Pune,Microsoft,Part-time,3.9,Yes
Business Analyst,"excel,sql,powerbi",1,79406,Pune,Microsoft,Part-time,3.6,Yes
ML Engineer,"python,ml,dl",4,65414,Mumbai,Microsoft,Full-time,3.6,No
Business Analyst,"excel,sql,powerbi",4,119441,Pune,Google,Full-time,3.5,No
Data Analyst,"python,sql,excel",1,30827,Pune,TCS,Full-time,4.9,No
Software Engineer,"java,python,oop",1,89791,Pune,TCS,Part-time,4.2,Yes
Data Engineer,"python,spark,sql",3,112397,Remote,Microsoft,Part-time,3.2,No
Backend Developer,"python,django,api",4,40386,Delhi,Infosys,Full-time,4.3,No
Backend Developer,"python,django,api",1,86706,Bangalore,Google,Part-time,4.6,No
Business Analyst,"excel,sql,powerbi",2,74552,Mumbai,StartupX,Part-time,3.4,Yes
Software Engineer,"java,python,oop",1,58117,Delhi,TCS,Full-time,4.6,Yes
ML Engineer,"python,ml,dl",1,92647,Pune,StartupX,Full-time,3.3,Yes
ML Engineer,"python,ml,dl",4,53572,Pune,Google,Full-time,4.2,No
Web Developer,"html,css,js",2,91493,Pune,StartupX,Part-time,3.2,No
Software Engineer,"java,python,oop",4,35221,Bangalore,Google,Full-time,3.3,No
ML Engineer,"python,ml,dl",3,81757,Delhi,Google,Part-time,4.9,No
ML Engineer,"python,ml,dl",3,119432,Delhi,Microsoft,Part-time,5.0,No
ML Engineer,"python,ml,dl",1,56756,Remote,StartupX,Full-time,3.9,Yes
Data Engineer,"python,spark,sql",3,82148,Remote,StartupX,Part-time,4.1,Yes
Data Scientist,"python,ml,statistics",1,92019,Delhi,StartupX,Full-time,4.4,No
Software Engineer,"java,python,oop",2,111025,Delhi,Infosys,Part-time,3.8,No
Backend Developer,"python,django,api",1,34023,Mumbai,Infosys,Full-time,4.8,No
Business Analyst,"excel,sql,powerbi",3,102081,Delhi,Infosys,Full-time,3.4,Yes
ML Engineer,"python,ml,dl",3,63600,Delhi,Infosys,Part-time,4.1,Yes
Data Analyst,"python,sql,excel",2,70369,Mumbai,Microsoft,Full-time,3.5,Yes
Business Analyst,"excel,sql,powerbi",1,76155,Bangalore,StartupX,Part-time,3.2,Yes
Web Developer,"html,css,js",2,63080,Bangalore,StartupX,Part-time,4.9,No
Business Analyst,"excel,sql,powerbi",4,118203,Pune,TCS,Full-time,4.5,Yes
Web Developer,"html,css,js",1,110902,Bangalore,Infosys,Full-time,3.7,No
Data Analyst,"python,sql,excel",3,50216,Delhi,StartupX,Full-time,4.0,No
Data Engineer,"python,spark,sql",1,39802,Delhi,Google,Full-time,4.2,Yes
Data Scientist,"python,ml,statistics",2,74677,Delhi,TCS,Part-time,4.0,No
Business Analyst,"excel,sql,powerbi",1,77108,Pune,Infosys,Full-time,4.0,No
Backend Developer,"python,django,api",4,64075,Mumbai,TCS,Part-time,4.3,Yes
Software Engineer,"java,python,oop",3,75502,Remote,TCS,Full-time,4.5,No
Backend Developer,"python,django,api",2,104358,Pune,Microsoft,Part-time,3.8,No
Data Analyst,"python,sql,excel",2,109961,Pune,Microsoft,Full-time,4.7,Yes
Data Engineer,"python,spark,sql",1,99015,Pune,TCS,Part-time,3.5,No
AI Engineer,"python,ml,dl,nlp",3,31186,Bangalore,Microsoft,Full-time,3.2,No
Business Analyst,"excel,sql,powerbi",4,40633,Delhi,Microsoft,Part-time,3.0,No
Business Analyst,"excel,sql,powerbi",1,112518,Pune,Microsoft,Full-time,3.5,No
Data Analyst,"python,sql,excel",4,111307,Remote,Microsoft,Part-time,4.9,No
Data Scientist,"python,ml,statistics",1,117296,Mumbai,TCS,Part-time,4.3,No
Data Analyst,"python,sql,excel",2,40097,Pune,StartupX,Full-time,3.2,No
AI Engineer,"python,ml,dl,nlp",1,50282,Pune,StartupX,Part-time,4.4,Yes
Web Developer,"html,css,js",1,89601,Remote,Infosys,Part-time,5.0,No
Data Analyst,"python,sql,excel",1,79484,Bangalore,Microsoft,Part-time,4.1,No
Data Engineer,"python,spark,sql",2,79557,Pune,Infosys,Full-time,4.0,No
Business Analyst,"excel,sql,powerbi",4,93085,Remote,Microsoft,Part-time,3.4,Yes
ML Engineer,"python,ml,dl",4,59345,Mumbai,Google,Full-time,4.0,No
Data Analyst,"python,sql,excel",4,39381,Remote,Infosys,Full-time,4.3,No
Data Analyst,"python,sql,excel",2,85458,Bangalore,Infosys,Full-time,4.9,Yes
AI Engineer,"python,ml,dl,nlp",4,114958,Mumbai,Microsoft,Full-time,4.3,No
Data Scientist,"python,ml,statistics",3,45702,Mumbai,TCS,Full-time,4.2,Yes
Data Analyst,"python,sql,excel",4,111200,Remote,Microsoft,Part-time,4.5,Yes
Backend Developer,"python,django,api",4,40676,Mumbai,Google,Part-time,4.9,No
Data Engineer,"python,spark,sql",1,92134,Pune,StartupX,Full-time,4.9,No
Data Analyst,"python,sql,excel",2,31285,Delhi,StartupX,Full-time,4.2,Yes
Software Engineer,"java,python,oop",2,38260,Delhi,TCS,Full-time,4.0,Yes
Data Scientist,"python,ml,statistics",2,32921,Delhi,Microsoft,Part-time,4.9,No
ML Engineer,"python,ml,dl",3,63955,Bangalore,TCS,Part-time,3.3,No
Data Engineer,"python,spark,sql",1,97475,Remote,Infosys,Part-time,3.6,No
AI Engineer,"python,ml,dl,nlp",2,108748,Bangalore,StartupX,Part-time,4.8,No
Web Developer,"html,css,js",2,41207,Pune,Google,Part-time,4.8,Yes
Web Developer,"html,css,js",3,48899,Remote,Microsoft,Part-time,4.1,No
Business Analyst,"excel,sql,powerbi",2,61305,Delhi,Infosys,Part-time,4.7,No
AI Engineer,"python,ml,dl,nlp",2,75856,Bangalore,Infosys,Part-time,3.0,Yes
ML Engineer,"python,ml,dl",4,112492,Delhi,Google,Full-time,4.2,Yes
Data Engineer,"python,spark,sql",1,86697,Remote,Google,Full-time,4.4,Yes
Data Scientist,"python,ml,statistics",1,92941,Delhi,TCS,Part-time,3.2,No
Data Engineer,"python,spark,sql",4,42925,Remote,Google,Full-time,3.7,No
Data Analyst,"python,sql,excel",1,68404,Remote,Google,Part-time,3.1,No
Data Engineer,"python,spark,sql",3,106140,Mumbai,Google,Part-time,4.7,Yes
Web Developer,"html,css,js",1,76915,Delhi,StartupX,Part-time,4.4,No
Data Analyst,"python,sql,excel",4,52360,Bangalore,Microsoft,Full-time,4.1,No
Software Engineer,"java,python,oop",4,94225,Mumbai,Infosys,Full-time,5.0,Yes
AI Engineer,"python,ml,dl,nlp",2,91131,Bangalore,TCS,Part-time,3.0,No
Data Scientist,"python,ml,statistics",1,49289,Mumbai,Google,Part-time,5.0,No
AI Engineer,"python,ml,dl,nlp",2,81000,Pune,TCS,Part-time,4.6,No
Web Developer,"html,css,js",1,54802,Mumbai,Microsoft,Part-time,4.1,No
ML Engineer,"python,ml,dl",2,75184,Delhi,Microsoft,Full-time,3.3,No
Data Analyst,"python,sql,excel",3,109145,Bangalore,StartupX,Full-time,3.2,Yes
Software Engineer,"java,python,oop",3,64869,Remote,StartupX,Full-time,3.0,No
Software Engineer,"java,python,oop",2,106583,Remote,TCS,Full-time,4.6,Yes
Web Developer,"html,css,js",2,90719,Pune,Google,Full-time,4.7,Yes
Web Developer,"html,css,js",1,115667,Pune,StartupX,Full-time,3.3,No
Data Engineer,"python,spark,sql",1,118692,Delhi,StartupX,Part-time,4.9,No
Software Engineer,"java,python,oop",3,118500,Mumbai,Google,Part-time,3.6,Yes
ML Engineer,"python,ml,dl",1,107123,Delhi,Infosys,Part-time,4.9,No
ML Engineer,"python,ml,dl",4,112367,Remote,Google,Part-time,4.5,Yes
AI Engineer,"python,ml,dl,nlp",3,77670,Delhi,StartupX,Part-time,4.2,No
Web Developer,"html,css,js",2,86294,Remote,TCS,Full-time,3.9,Yes
Web Developer,"html,css,js",3,101230,Delhi,TCS,Full-time,3.3,Yes
Software Engineer,"java,python,oop",4,68956,Delhi,TCS,Full-time,4.7,No
AI Engineer,"python,ml,dl,nlp",4,99178,Pune,Infosys,Full-time,4.2,No
Business Analyst,"excel,sql,powerbi",1,68832,Remote,Microsoft,Part-time,4.6,No
Backend Developer,"python,django,api",3,33380,Mumbai,TCS,Full-time,3.4,Yes
Backend Developer,"python,django,api",1,72307,Pune,TCS,Part-time,4.1,Yes
AI Engineer,"python,ml,dl,nlp",1,100887,Bangalore,Microsoft,Full-time,4.8,No
Web Developer,"html,css,js",4,36200,Mumbai,Google,Part-time,4.8,Yes
Data Engineer,"python,spark,sql",2,68761,Remote,TCS,Part-time,4.8,Yes
Data Analyst,"python,sql,excel",3,119922,Delhi,TCS,Full-time,5.0,No
Business Analyst,"excel,sql,powerbi",3,78438,Remote,TCS,Full-time,4.0,Yes
Business Analyst,"excel,sql,powerbi",2,89195,Pune,Google,Full-time,3.5,No
Data Analyst,"python,sql,excel",1,81855,Remote,Google,Full-time,5.0,Yes
ML Engineer,"python,ml,dl",4,93894,Pune,TCS,Part-time,3.3,Yes
Data Scientist,"python,ml,statistics",1,32665,Mumbai,StartupX,Part-time,3.9,No
Data Analyst,"python,sql,excel",4,69334,Pune,Microsoft,Part-time,4.6,Yes
Web Developer,"html,css,js",2,96454,Mumbai,Infosys,Full-time,4.3,Yes
ML Engineer,"python,ml,dl",4,46134,Pune,Google,Part-time,5.0,No
Software Engineer,"java,python,oop",1,66941,Mumbai,Google,Full-time,4.4,No
Business Analyst,"excel,sql,powerbi",3,118743,Bangalore,TCS,Part-time,3.2,Yes
Business Analyst,"excel,sql,powerbi",3,73099,Delhi,StartupX,Full-time,4.5,Yes
Backend Developer,"python,django,api",1,56271,Bangalore,Infosys,Full-time,3.7,Yes
Backend Developer,"python,django,api",3,105854,Remote,Microsoft,Full-time,3.4,No
Software Engineer,"java,python,oop",2,82302,Delhi,Google,Part-time,4.8,No
AI Engineer,"python,ml,dl,nlp",4,50341,Pune,StartupX,Part-time,3.8,No
AI Engineer,"python,ml,dl,nlp",4,116544,Delhi,Google,Part-time,4.5,No
Business Analyst,"excel,sql,powerbi",3,55231,Delhi,Google,Part-time,4.4,Yes
ML Engineer,"python,ml,dl",2,88892,Mumbai,TCS,Full-time,4.8,Yes
Software Engineer,"java,python,oop",2,48597,Delhi,Infosys,Full-time,3.1,Yes
Business Analyst,"excel,sql,powerbi",2,77733,Remote,StartupX,Part-time,4.2,No
Web Developer,"html,css,js",1,38818,Remote,StartupX,Full-time,4.7,No
Software Engineer,"java,python,oop",2,56192,Mumbai,TCS,Part-time,4.6,No
Data Scientist,"python,ml,statistics",1,35337,Delhi,TCS,Full-time,3.7,No
Data Scientist,"python,ml,statistics",2,83619,Pune,Google,Full-time,3.4,No
Backend Developer,"python,django,api",4,53880,Delhi,Infosys,Part-time,4.6,No
AI Engineer,"python,ml,dl,nlp",4,94901,Mumbai,Microsoft,Part-time,3.5,Yes
Software Engineer,"java,python,oop",3,55483,Pune,StartupX,Full-time,4.6,Yes
Business Analyst,"excel,sql,powerbi",3,114293,Pune,Microsoft,Full-time,4.8,No
Backend Developer,"python,django,api",1,31070,Bangalore,TCS,Part-time,5.0,Yes
Data Scientist,"python,ml,statistics",2,92841,Bangalore,TCS,Part-time,4.3,Yes
ML Engineer,"python,ml,dl",1,76920,Pune,Infosys,Part-time,3.4,Yes
ML Engineer,"python,ml,dl",4,50599,Bangalore,StartupX,Full-time,3.8,Yes
Business Analyst,"excel,sql,powerbi",4,57401,Delhi,Microsoft,Full-time,4.5,No
ML Engineer,"python,ml,dl",1,87423,Bangalore,Microsoft,Full-time,3.8,No
Web Developer,"html,css,js",3,51154,Delhi,Google,Part-time,4.8,No
AI Engineer,"python,ml,dl,nlp",3,86102,Pune,TCS,Full-time,4.9,No
Backend Developer,"python,django,api",3,84941,Remote,Microsoft,Part-time,3.9,No
ML Engineer,"python,ml,dl",1,73778,Pune,StartupX,Full-time,4.8,No
Data Analyst,"python,sql,excel",4,78588,Bangalore,Microsoft,Part-time,3.2,Yes
ML Engineer,"python,ml,dl",3,53457,Remote,Google,Full-time,4.9,No
AI Engineer,"python,ml,dl,nlp",1,85100,Delhi,Microsoft,Part-time,4.6,No
Data Analyst,"python,sql,excel",1,81648,Pune,Microsoft,Part-time,3.7,Yes
Data Engineer,"python,spark,sql",2,109822,Bangalore,StartupX,Full-time,4.9,No
ML Engineer,"python,ml,dl",4,103006,Bangalore,Microsoft,Part-time,3.7,Yes
Data Scientist,"python,ml,statistics",3,96042,Pune,StartupX,Part-time,4.4,Yes
Web Developer,"html,css,js",2,60052,Delhi,Microsoft,Part-time,4.1,Yes
Data Scientist,"python,ml,statistics",4,62758,Remote,StartupX,Part-time,4.5,No
Web Developer,"html,css,js",2,116420,Remote,StartupX,Part-time,3.7,Yes
Software Engineer,"java,python,oop",2,104737,Mumbai,Google,Full-time,4.3,No
Data Engineer,"python,spark,sql",2,115656,Mumbai,Google,Part-time,3.4,Yes
Business Analyst,"excel,sql,powerbi",4,86010,Pune,Google,Full-time,4.2,No
AI Engineer,"python,ml,dl,nlp",2,107286,Mumbai,TCS,Part-time,3.7,Yes
Data Engineer,"python,spark,sql",4,96197,Remote,TCS,Part-time,3.3,No
Data Scientist,"python,ml,statistics",1,42172,Remote,Google,Full-time,4.0,No
Data Engineer,"python,spark,sql",2,114722,Delhi,Infosys,Part-time,4.1,No
Data Analyst,"python,sql,excel",1,105399,Delhi,TCS,Part-time,3.9,No
Data Scientist,"python,ml,statistics",3,72684,Delhi,Microsoft,Full-time,3.6,No
Data Scientist,"python,ml,statistics",4,38161,Remote,Microsoft,Full-time,3.5,Yes
Data Engineer,"python,spark,sql",1,110927,Mumbai,TCS,Part-time,4.6,Yes
Data Scientist,"python,ml,statistics",3,47017,Mumbai,Infosys,Part-time,3.3,Yes
ML Engineer,"python,ml,dl",4,80470,Remote,Microsoft,Part-time,3.7,Yes
Backend Developer,"python,django,api",2,118911,Mumbai,TCS,Part-time,4.4,Yes
Software Engineer,"java,python,oop",2,84579,Remote,Infosys,Part-time,3.7,No
Backend Developer,"python,django,api",2,66316,Bangalore,Microsoft,Part-time,5.0,No
AI Engineer,"python,ml,dl,nlp",4,112579,Delhi,Microsoft,Part-time,3.8,Yes
Web Developer,"html,css,js",3,115996,Pune,Microsoft,Part-time,4.1,Yes
ML Engineer,"python,ml,dl",4,109620,Remote,Microsoft,Full-time,3.0,No
Data Analyst,"python,sql,excel",4,73209,Mumbai,Google,Part-time,4.5,Yes
Data Engineer,"python,spark,sql",4,64162,Remote,Infosys,Full-time,4.7,No
ML Engineer,"python,ml,dl",2,65634,Remote,TCS,Full-time,3.7,No
Web Developer,"html,css,js",2,110667,Bangalore,Google,Part-time,3.0,No
Software Engineer,"java,python,oop",4,80298,Mumbai,Microsoft,Part-time,4.1,Yes
ML Engineer,"python,ml,dl",3,94382,Bangalore,Infosys,Full-time,4.9,Yes
AI Engineer,"python,ml,dl,nlp",1,103746,Delhi,StartupX,Part-time,4.5,Yes
Software Engineer,"java,python,oop",3,39047,Remote,Google,Part-time,3.0,No
Software Engineer,"java,python,oop",3,90782,Pune,Google,Part-time,4.9,Yes
Data Analyst,"python,sql,excel",2,82971,Pune,StartupX,Part-time,4.4,No
Backend Developer,"python,django,api",1,75925,Remote,Infosys,Full-time,3.3,Yes
Data Scientist,"python,ml,statistics",4,76648,Delhi,Google,Full-time,3.4,Yes
Business Analyst,"excel,sql,powerbi",1,67916,Remote,Google,Part-time,3.9,Yes
Business Analyst,"excel,sql,powerbi",1,107892,Delhi,StartupX,Part-time,4.5,No
Data Engineer,"python,spark,sql",3,113092,Bangalore,TCS,Part-time,3.8,Yes
Web Developer,"html,css,js",4,119888,Pune,Infosys,Full-time,4.3,Yes
Business Analyst,"excel,sql,powerbi",4,107439,Remote,Google,Full-time,4.6,No
Backend Developer,"python,django,api",2,69098,Delhi,Microsoft,Part-time,3.6,Yes
Web Developer,"html,css,js",1,103916,Pune,TCS,Full-time,4.1,No
Business Analyst,"excel,sql,powerbi",1,65920,Bangalore,TCS,Full-time,3.5,No
Business Analyst,"excel,sql,powerbi",3,36711,Mumbai,Microsoft,Full-time,4.6,Yes
Business Analyst,"excel,sql,powerbi",2,33406,Mumbai,Infosys,Part-time,4.5,Yes
Data Analyst,"python,sql,excel",1,60453,Pune,Infosys,Part-time,4.2,No
AI Engineer,"python,ml,dl,nlp",3,53959,Remote,TCS,Part-time,3.7,No
Data Scientist,"python,ml,statistics",1,105072,Remote,TCS,Part-time,4.7,No
Data Engineer,"python,spark,sql",3,82831,Remote,Microsoft,Part-time,3.7,No
ML Engineer,"python,ml,dl",4,106041,Remote,TCS,Full-time,4.1,No
Business Analyst,"excel,sql,powerbi",1,41756,Mumbai,StartupX,Full-time,4.5,No
ML Engineer,"python,ml,dl",4,117371,Remote,TCS,Part-time,3.9,Yes
Backend Developer,"python,django,api",2,60275,Bangalore,Microsoft,Full-time,3.2,Yes
Software Engineer,"java,python,oop",1,42671,Bangalore,Microsoft,Part-time,4.8,No
Data Scientist,"python,ml,statistics",3,45738,Delhi,Microsoft,Full-time,3.9,No
Data Engineer,"python,spark,sql",4,49682,Delhi,Infosys,Full-time,3.4,No
AI Engineer,"python,ml,dl,nlp",4,84909,Mumbai,StartupX,Part-time,4.3,No
Backend Developer,"python,django,api",2,71040,Remote,TCS,Full-time,4.9,Yes
AI Engineer,"python,ml,dl,nlp",3,51990,Remote,TCS,Part-time,3.6,No
ML Engineer,"python,ml,dl",2,74728,Mumbai,Google,Part-time,3.5,No
AI Engineer,"python,ml,dl,nlp",4,48805,Remote,StartupX,Part-time,3.9,Yes
Business Analyst,"excel,sql,powerbi",2,116775,Delhi,TCS,Part-time,3.6,No
Backend Developer,"python,django,api",1,97769,Bangalore,TCS,Part-time,4.2,Yes
Web Developer,"html,css,js",2,85470,Delhi,Microsoft,Part-time,3.8,Yes
Business Analyst,"excel,sql,powerbi",2,90601,Bangalore,Google,Part-time,3.9,Yes
Software Engineer,"java,python,oop",1,43241,Bangalore,Infosys,Part-time,3.4,Yes
Data Analyst,"python,sql,excel",4,104145,Mumbai,StartupX,Full-time,3.1,Yes
ML Engineer,"python,ml,dl",4,72638,Bangalore,TCS,Part-time,4.7,Yes
Software Engineer,"java,python,oop",4,87788,Delhi,Infosys,Full-time,3.8,No
Backend Developer,"python,django,api",3,115471,Remote,StartupX,Full-time,4.1,Yes
AI Engineer,"python,ml,dl,nlp",4,119299,Delhi,Infosys,Full-time,3.4,Yes
Data Scientist,"python,ml,statistics",3,109590,Delhi,TCS,Full-time,3.9,No
